sha256,label,family,year,year_month,vt_detection,role
49EEC894637B1E54BE2BAB4AE248E9B08A41C0DC2831C0D6429160A4904DDA7E,1.0,singleton:49eec894637b1e54be2bab4ae248e9b08a41c0dc2831c0d6429160a4904dda7e,2022,2022-05,4.0,reserve
0C05EBA82ABC9EA3E8049DB8F349C03B657824291E4722728194C5819EB57108,0.0,benign,2023,2023-02,0.0,reserve
03C08DD2330B8AA3A6BE373B616AADF55E734B6DF77BC68D2B8D521349DF39E8,1.0,singleton:03c08dd2330b8aa3a6be373b616aadf55e734b6df77bc68d2b8d521349df39e8,2023,2023-01,5.0,reserve
9FEB664FA4DB28CEA43E6433D514E6C2E3734EF066CA87971D883231E1FAF067,1.0,singleton:9feb664fa4db28cea43e6433d514e6c2e3734ef066ca87971d883231e1faf067,2021,2021-07,7.0,reserve
74B73A86704F96C846A5B8C9B645A4B4B7600EA78E87BF6B87BB12B7B24BC17C,0.0,benign,2019,2019-01,0.0,reserve
89E1BB35A73776AE4A9E443899B13357F30387CAE30105321E846031BAA9D4AF,0.0,benign,2019,2019-09,0.0,reserve
347615DF54F4BB0A865DA445A589E27CC6D1D81C9D532178305FC5673BA5D044,0.0,benign,2023,2023-06,0.0,reserve
54C1E70E71A6FE7678EB5F6004DA48D3F38094719CA78758D7F12EC8CBDDF481,0.0,benign,2023,2023-12,0.0,reserve
523CF7041093AC706B150993DAFC87C27EFA14F10C51BD6AE6C825C1FC1C97C4,1.0,andreed,2023,2023-12,4.0,reserve
1BC441341443AEEC8A0FB2881D374FC131AB3E51E40DD45341E6048B9D757D11,0.0,benign,2022,2022-10,0.0,reserve
8B3B7B700F091614F3FC243A54F6C6D4DEE492C3154B1BCBDF0C9A9B49D5D45B,1.0,singleton:8b3b7b700f091614f3fc243a54f6c6d4dee492c3154b1bcbdf0c9a9b49d5d45b,2019,2019-06,6.0,reserve
3204D4DBE63E8CAD5E127254412B260BA8C597B98A5E2F91D76BCA900F3C5E9E,0.0,benign,2021,2021-07,0.0,reserve
E786C3ECCFCF26E16E62852C21BE9075B8A235DB56979619FF989C2DB5677AD5,1.0,singleton:e786c3eccfcf26e16e62852c21be9075b8a235db56979619ff989c2db5677ad5,2019,2019-10,6.0,reserve
339744D293E0130325F1A170D95F4CFA9867DA5928D32E3B1D7A89F0EDAD2098,0.0,benign,2020,2020-05,0.0,reserve
AF9871CCED8F9707F8EA15F54CAE42461BF66CDB29F2E66D6E56BD259ECA8FB9,1.0,singleton:af9871cced8f9707f8ea15f54cae42461bf66cdb29f2e66d6e56bd259eca8fb9,2021,2021-11,5.0,reserve
1A483CF632748E0CB44D0A1C4C4A6F990F7505B614C9C5DA9D0D3DB29029557E,0.0,benign,2020,2020-05,0.0,reserve
4BB3FDD515C10C5AB3CBFE4E30BCC2AD3751408B3D303ADEDE825D692A7B9E94,0.0,benign,2021,2021-05,0.0,reserve
F60D78E7566F9C19101E7FEEE6570AE73CB09149CB8115D2E4E7DE95C93F366C,0.0,benign,2018,2018-01,0.0,reserve
0FB94700A3D952EFB9AB013A62891BEF0AB9B497079903F7218C8683B24FFECD,1.0,singleton:0fb94700a3d952efb9ab013a62891bef0ab9b497079903f7218c8683b24ffecd,2019,2019-05,6.0,reserve
1685C8A2A0D89D32F61D0DA2A3CEF1C731E58520E812E0E4DB3B5FF00EC43506,0.0,benign,2020,2020-05,0.0,reserve
46DCE4B0C33E38C9CB2E20A1605B3BD201650D7EAE0DF7504966F688B676D8A9,0.0,benign,2020,2020-06,0.0,reserve
051CD187CCBFBF4AB18E737D68FAA203A4885ABB4D40E5FC5557177B69F2CF7A,1.0,singleton:051cd187ccbfbf4ab18e737d68faa203a4885abb4d40e5fc5557177b69f2cf7a,2019,2019-10,6.0,reserve
51C9A5789E1C2B2921CBE55208880E1CB3B6CE033C432464769F1DC8E207B933,1.0,singleton:51c9a5789e1c2b2921cbe55208880e1cb3b6ce033c432464769f1dc8e207b933,2022,2022-08,4.0,reserve
4A072CDB127F39A882B4B637ECD36955D173E9A39AC10BE13172C869DB2CAE0B,0.0,benign,2021,2021-11,0.0,reserve
D0DA901E61C604399DB3591DC8B1331BB680E6AE37F7B0A810D3C73FFE35FAC9,1.0,singleton:d0da901e61c604399db3591dc8b1331bb680e6ae37f7b0a810d3c73ffe35fac9,2021,2021-11,7.0,reserve
FC2EE43DBD9B8B622769D26C3C869351B95BB9D29C2B387D3B586F0F7612D198,1.0,singleton:fc2ee43dbd9b8b622769d26c3c869351b95bb9d29c2b387d3b586f0f7612d198,2023,2023-12,5.0,reserve
E676F400E49E30F13FF6374C5601C61F191509E1322500C54F5A14E5A9B54B5A,1.0,singleton:e676f400e49e30f13ff6374c5601c61f191509e1322500c54f5a14e5a9b54b5a,2019,2019-10,11.0,reserve
0BF41DF9D004270CCF66A1281C2B85EA637762E14659BC6461569F2336274781,1.0,singleton:0bf41df9d004270ccf66a1281c2b85ea637762e14659bc6461569f2336274781,2023,2023-12,4.0,reserve
B614B4949514E7B42FB82132D814ED35C5A25B270D255E1C190BF7D1F85DC636,1.0,singleton:b614b4949514e7b42fb82132d814ed35c5a25b270d255e1c190bf7d1f85dc636,2023,2023-11,4.0,reserve
447D72E27FC225B4A3A3AC53625285AA35847A54A3CEFB4642B3F63D806A0F29,1.0,singleton:447d72e27fc225b4a3a3ac53625285aa35847a54a3cefb4642b3f63d806a0f29,2023,2023-12,4.0,reserve
371FDD2FA5827850DCF8885D2EC7816D436D95594695F033D96338D5C513D1C5,1.0,singleton:371fdd2fa5827850dcf8885d2ec7816d436d95594695f033d96338d5c513d1c5,2022,2022-05,8.0,reserve
34CC12708FE9208CC344E9DCEA3573F5598F74CF8C0A599F62AA3B2298377EA1,0.0,benign,2023,2023-07,0.0,reserve
515EFE48BCD3BD0F6D0DCFA740C90B9584B56374155E885319B5B0489583080B,1.0,singleton:515efe48bcd3bd0f6d0dcfa740c90b9584b56374155e885319b5b0489583080b,2018,2018-07,5.0,reserve
2D4AD32B2B7323BE62C2E18FC5A2864CCE053E83FC3D19B9721D6F70AF6E85CD,0.0,benign,2022,2022-10,0.0,reserve
09FE875A408896BB7914701A7933A82C562C35ADFC846B86F751D92F3C56B4C9,1.0,singleton:09fe875a408896bb7914701a7933a82c562c35adfc846b86f751d92f3c56b4c9,2018,2018-08,5.0,reserve
0D187860A1F8FBF3F276077F13812C799480B19FBDEE185910B161C031456FEC,0.0,benign,2022,2022-10,0.0,reserve
43A201CAE93195A6F51BD5B6068CB88315DE780CFEFD47911ECC44C139BF82FE,0.0,benign,2021,2021-01,0.0,reserve
0A414CCA35D77B17CD7BAC506CD89DC97C03C53519AC90C4E4337D67490A4997,1.0,singleton:0a414cca35d77b17cd7bac506cd89dc97c03c53519ac90c4e4337d67490a4997,2018,2018-08,17.0,reserve
56A3E03D58E6BCC7C8B1DF43ACE8AE85B95BC63D00F167A3AAC8A18241CAC622,0.0,benign,2020,2020-02,0.0,reserve
4C7162C5504CDD417A085276B9AF9917A8BECA22E5DECBC772164CBDA5C7546B,0.0,benign,2021,2021-07,0.0,reserve
